{
  "classification": {
    "ham": {
      "precision": 0.9856850715746421,
      "recall": 0.9979296066252588,
      "f1-score": 0.9917695473251029,
      "support": 966.0
    },
    "spam": {
      "precision": 0.9854014598540146,
      "recall": 0.9060402684563759,
      "f1-score": 0.9440559440559441,
      "support": 149.0
    },
    "accuracy": 0.9856502242152466,
    "macro avg": {
      "precision": 0.9855432657143284,
      "recall": 0.9519849375408174,
      "f1-score": 0.9679127456905234,
      "support": 1115.0
    },
    "weighted avg": {
      "precision": 0.985647171891796,
      "recall": 0.9856502242152466,
      "f1-score": 0.9853934693994484,
      "support": 1115.0
    }
  },
  "roc_auc": 0.9921352842274931,
  "n_train": 4459,
  "n_test": 1115
}