{
  "classification": {
    "ham": {
      "precision": 0.9897225077081192,
      "recall": 0.9968944099378882,
      "f1-score": 0.9932955131511089,
      "support": 966.0
    },
    "spam": {
      "precision": 0.9788732394366197,
      "recall": 0.9328859060402684,
      "f1-score": 0.9553264604810997,
      "support": 149.0
    },
    "accuracy": 0.9883408071748879,
    "macro avg": {
      "precision": 0.9842978735723695,
      "recall": 0.9648901579890783,
      "f1-score": 0.9743109868161043,
      "support": 1115.0
    },
    "weighted avg": {
      "precision": 0.988272695176771,
      "recall": 0.9883408071748879,
      "f1-score": 0.9882216218077624,
      "support": 1115.0
    }
  },
  "roc_auc": 0.9925000347381439,
  "n_train": 4459,
  "n_test": 1115
}